division,score,submit_time,team_name,users
京津东北赛区,0.4915,2020/04/13,WavenZ,['WavenZ']
京津东北赛区,0.6826,2020/04/11,466非线性动力学研究中心,['xcx1040865060']
京津东北赛区,0.6895,2020/04/11,小聂聂最可爱,"['ChenchenBUPT', 'a627665552']"
京津东北赛区,0.7686,2020/04/11,hw4661,['hw55736041']
京津东北赛区,0.787,2020/04/11,hw4662,['moumuyun']
京津东北赛区,0.8188,2020/04/09,ha,"['jiangzite', 'ace-pegasus', 'Herbert_Duan']"
京津东北赛区,1.3011,2020/04/12,小问号,['hw-hellokunpeng']
京津东北赛区,1.7906,2020/04/12,hw38572842,['hw38572842']
京津东北赛区,1.7964,2020/04/12,小问号的朋友,['nCoCn']
京津东北赛区,1.9758,2020/04/12,hw42260600,['hw42260600']
京津东北赛区,2.3302,2020/04/12,XLY,['hw36276009']
京津东北赛区,2.3479,2020/04/11,Chadriy,['Chadriy']
京津东北赛区,2.398,2020/04/11,nia1026,['nia1026']
京津东北赛区,2.7062,2020/04/11,wrndd111,['wrndd111']
京津东北赛区,2.7294,2020/04/10,水沝淼,['NoNameNeeded']
京津东北赛区,2.7498,2020/04/09,skrskr,['wanwanh']
京津东北赛区,2.7619,2020/04/11,hw42248035,['hw42248035']
京津东北赛区,2.762,2020/04/09,hw34847906,['hw34847906']
京津东北赛区,2.7668,2020/04/09,miao_777,['miao_777']
京津东北赛区,2.769,2020/04/09,hw12676125,['hw12676125']
京津东北赛区,2.7704,2020/04/10,hahaha,['hw34590657']
京津东北赛区,2.853,2020/04/09,tianyeebing,['tianyeebing']
京津东北赛区,2.9221,2020/04/12,HIToys,['HIToys']
京津东北赛区,2.9446,2020/04/12,HITOuyangSen,['HITOuyangSen']
京津东北赛区,3.4804,2020/04/11,循环转账二十万,['hw01733592']
京津东北赛区,3.5318,2020/04/11,hw951270,['hw95127065']
京津东北赛区,3.5353,2020/04/12,hw66615868,['hw66615868']
京津东北赛区,3.6135,2020/04/12,hellokun,['hw09005049']
京津东北赛区,3.6552,2020/04/12,hit战队,"['hitxqy', 'hw09137268', 'hw65676934']"
京津东北赛区,3.6592,2020/04/13,Firework,"['hw29932924', 'hw19994293']"
京津东北赛区,3.7273,2020/04/12,hw60259697,['hw60259697']
京津东北赛区,3.7326,2020/04/12,hw41098441,['hw41098441']
京津东北赛区,3.7354,2020/04/13,touchdreamer,['touchdreamer']
京津东北赛区,3.8748,2020/04/12,hw60460127,['hw60460127']
京津东北赛区,3.995,2020/04/11,hw13357095,['hw13357095']
京津东北赛区,4.0583,2020/04/10,hw335188,['hw33518827']
京津东北赛区,4.1457,2020/04/12,则是账号,['hw08034176']
京津东北赛区,4.6441,2020/04/13,吃葡萄不吐葡萄皮,['hw07981607']
京津东北赛区,4.6835,2020/04/11,HITCRT,"['hw00113259', 'hw68456582', 'hw56832007']"
京津东北赛区,4.8367,2020/04/12,flagOY,['hw86230075']
京津东北赛区,4.9874,2020/04/10,hw87824027,['hw87824027']
京津东北赛区,5.818,2020/04/12,zzz,['doubleQ']
京津东北赛区,6.2461,2020/04/12,长方体混凝土移动工程局,"['YvanYan', 'BNChou2020']"
京津东北赛区,6.2819,2020/04/12,dwtenis,['dwtenis']
京津东北赛区,6.498,2020/04/08,哈哈哈,['hw51147637']
京津东北赛区,6.5454,2020/04/12,迪丽热巴哥,"['hw72891303', 'hw51878745']"
京津东北赛区,6.5853,2020/04/12,DQ9999,['DQ9999']
京津东北赛区,6.7066,2020/04/10,三人行,"['hw92044045', 'hw75164499', 'hw70869960']"
京津东北赛区,6.8125,2020/04/11,blindhakoton,['blindhakoton']
京津东北赛区,6.9868,2020/04/12,flagOY2,['mayeye']
京津东北赛区,7.0294,2020/04/12,lcy796796,['lcy796796']
京津东北赛区,7.1228,2020/04/11,hw56315619,['hw56315619']
京津东北赛区,7.2734,2020/04/12,r3o7b2,"['hw07603418', 'hw60020686', 'hw34541241']"
京津东北赛区,7.3306,2020/04/12,guanph001,['guanph001']
京津东北赛区,7.4634,2020/04/11,hw66859095,['hw66859095']
京津东北赛区,8.3844,2020/04/12,蓬松的头发,"['sun_agony710', 'hw53153660', 'hw66050191']"
京津东北赛区,9.1788,2020/04/12,敢为人先,"['hw86039876', 'hw70018403', 'hw13214624']"
京津东北赛区,9.3224,2020/04/09,hw58208901,['hw58208901']
京津东北赛区,9.3787,2020/04/10,aqwzuishuai,['hw33936874']
京津东北赛区,9.4515,2020/04/09,秧歌star,"['hw16382160', 'hw07465741']"
京津东北赛区,9.5434,2020/04/12,hugewave2018,['hugewave2018']
京津东北赛区,9.6003,2020/04/11,NEU_XinYi,['Xinyi999']
京津东北赛区,9.6258,2020/04/09,JNJYan,['JNJYan']
京津东北赛区,9.7142,2020/04/12,qYinan,['qYinan']
成渝赛区,0.3833,2020/04/13,crescent_rose,"['emengdeath', 'kp600168', 'FoolishMe']"
成渝赛区,0.8358,2020/04/12,Pealicx,['Pealicx']
成渝赛区,0.8894,2020/04/12,liangchen,['liangchen']
成渝赛区,1.0367,2020/04/12,Always Debug,['LittleFisher']
成渝赛区,1.0749,2020/04/12,bird-610098971,['bird-610098971']
成渝赛区,1.0792,2020/04/12,hw68958279,['hw68958279']
成渝赛区,1.3147,2020/04/11,少年，你明白了吗？ ,['stepbystep88']
成渝赛区,1.4135,2020/04/13,我永远喜欢陆陆,['hw44393473']
成渝赛区,1.4797,2020/04/10,青年，你明白了吗？,['Yang_Goodman']
成渝赛区,1.5464,2020/04/12,全世界最好的你,"['uestc-gzp', 'hw80262519', 'hw18249531']"
成渝赛区,1.5653,2020/04/12,hw45116091,['hw45116091']
成渝赛区,1.6711,2020/04/11,梁大爷粉丝团,['forgottencsc']
成渝赛区,1.7121,2020/04/12,xiaojiongxiaoxie,['xiaojiongxiaoxie']
成渝赛区,1.7236,2020/04/12,守护最好的鲲鲲,['why___']
成渝赛区,1.733,2020/04/12,不出门勤消毒,['Sw_9661']
成渝赛区,1.7477,2020/04/12,cdeb,['zl_Cheng']
成渝赛区,1.7773,2020/04/12,hw89416826,['hw89416826']
成渝赛区,1.7994,2020/04/12,醉菜,['hw90033937']
成渝赛区,1.8284,2020/04/12,hw75155102,['hw75155102']
成渝赛区,1.8689,2020/04/10,run,['luoxinglin']
成渝赛区,1.869,2020/04/12,Mxylulu,['hw45606062']
成渝赛区,1.91,2020/04/12,prs_nb,['prs_nb']
成渝赛区,1.913,2020/04/11,Verilog天下第一,['hw44905910']
成渝赛区,1.9452,2020/04/12,hf_CTNB,['hf_CTNB']
成渝赛区,1.9772,2020/04/13,a15213038716,['a15213038716']
成渝赛区,1.9787,2020/04/13,hw_2012,['hw_2012']
成渝赛区,2.0357,2020/04/11,守护最好的鹏鹏,['hw51804065']
成渝赛区,2.0522,2020/04/11,hw23655024,['hw23655024']
成渝赛区,2.0614,2020/04/12,开水烫白菜,['ryEROO']
成渝赛区,2.1105,2020/04/12,龙湖边边,"['VergilAlan', 'Exusiai']"
成渝赛区,2.1342,2020/04/12,nia1026,['nia1026']
成渝赛区,2.1524,2020/04/11,xix,['hw01875527']
成渝赛区,2.16,2020/04/11,我是真的菜,['hw06305240']
成渝赛区,2.1687,2020/04/12,hw04037709,['hw04037709']
成渝赛区,2.2255,2020/04/11,hw92174504,['hw92174504']
成渝赛区,2.2422,2020/04/12,hwx709302,['hwx709302']
成渝赛区,2.2546,2020/04/10,ssz1995,['ssz1995']
成渝赛区,2.3368,2020/04/12,IOT team,['hw68137321']
成渝赛区,2.3411,2020/04/10,守护最好的鲲鹏,['lalalahhhh']
成渝赛区,2.3902,2020/04/12,戴口罩勤洗手,['hwAirPlane']
成渝赛区,2.4332,2020/04/11,hw55191524,['hw55191524']
成渝赛区,2.4654,2020/04/11,hahaha,['hw79243283']
成渝赛区,2.4661,2020/04/11,山城盛夏,"['hw13012198', 'Diaoyufeng', 'hw39220229']"
成渝赛区,2.4672,2020/04/13,zjky,['ysh1995']
成渝赛区,2.5124,2020/04/11,voyager3,['voyager3']
成渝赛区,2.5336,2020/04/11,hw46984847,['hw46984847']
成渝赛区,2.57,2020/04/09,同学，你明白了吗？,['stepbystep_7416']
成渝赛区,2.5734,2020/04/12,小曹,['hw21787270']
成渝赛区,2.6258,2020/04/11,gzgywh,['gzgywh']
成渝赛区,2.6631,2020/04/11,zararo,['zararo']
成渝赛区,2.7034,2020/04/12,max写程序,['hw09026011']
成渝赛区,2.7322,2020/04/12,老板，报告我真的憋不出来,['hw42078746']
成渝赛区,2.7359,2020/04/09,lalala,['hw76046311']
成渝赛区,2.7473,2020/04/12,hw71505835,['hw71505835']
成渝赛区,2.7524,2020/04/09,RightHere,['RightHere']
成渝赛区,2.7528,2020/04/09,ssyh,['uestcer']
成渝赛区,2.7556,2020/04/12,Idiots,['sosoIrving']
成渝赛区,2.7565,2020/04/09,COCOAA,['COCOAA']
成渝赛区,2.7689,2020/04/09,MikeZ,['MikeZ']
成渝赛区,2.7701,2020/04/09,Sideoloes,['Sideoloes']
成渝赛区,2.7794,2020/04/11,hw39270116,['hw39270116']
成渝赛区,2.7813,2020/04/11,hw21301727,['hw21301727']
成渝赛区,2.7835,2020/04/11,ccvyang,['ccvyang']
成渝赛区,2.7871,2020/04/10,405菜刀队,"['hw45212568', 'hw25468993', 'Lyonllf']"
西北赛区,0.2485,2020/04/13,Rhodoks,['Rhodoks']
西北赛区,0.2586,2020/04/13,ddd2020,['ddd2020']
西北赛区,0.305,2020/04/12,Diorvh,['Diorvh']
西北赛区,0.4045,2020/04/12,淡黄的长裙蓬松的头发,['XDUls']
西北赛区,0.4233,2020/04/12,队友把我代码交了怎么ban,['chier']
西北赛区,0.508,2020/04/13,一gay窝里giaogiao,['yangzhi__']
西北赛区,0.6373,2020/04/13,前面大佬等等我,"['hw67474509', 'hw01929892', 'smartata']"
西北赛区,0.9611,2020/04/11,hahawang,['hw92500782']
西北赛区,1.0948,2020/04/13,JARen_xidian,['JARen_xidian']
西北赛区,1.1014,2020/04/10,WWC,['hw86049023']
西北赛区,1.1116,2020/04/12,集美们，别害臊，别给我装！,['h15129206513']
西北赛区,1.1433,2020/04/12,hw05073505,['hw05073505']
西北赛区,1.2142,2020/04/12,就当是一场梦，醒了很久还是很感动,['wolfkin']
西北赛区,1.3388,2020/04/13,喜欢我一定很辛苦，其实我全都清楚,['August__']
西北赛区,1.3874,2020/04/11,气s我了，上才艺,['wyf0618']
西北赛区,1.4443,2020/04/12,Forever_m,['Forever_m']
西北赛区,1.5327,2020/04/13,所以暂时将你眼睛闭了起来,['BackToLife']
西北赛区,1.5934,2020/04/12,WRJYDS999,['WRJYDS999']
西北赛区,1.8233,2020/04/13,XDU-抗疫小分队,"['no_O_ne', 'hdongdong123', 'RalphHan']"
西北赛区,1.9821,2020/04/10,kunpengNB,['kunpengNB']
西北赛区,2.0647,2020/04/10,ZVPmaster,['ZVPmaster']
西北赛区,2.1125,2020/04/13,小号1,['hw29589329']
西北赛区,2.1811,2020/04/12,macrecry,['macrecry']
西北赛区,2.1984,2020/04/11,小duuuuuuu,['hw74040016']
西北赛区,2.203,2020/04/12,nia1026,['nia1026']
西北赛区,2.5202,2020/04/12,hw50854509,['hw50854509']
西北赛区,2.5377,2020/04/09,YangDavid,['YangDavid']
西北赛区,2.7024,2020/04/11,hw74964514,['hw74964514']
西北赛区,2.7113,2020/04/10,BiuBiuBiu,['Tsingpeng']
西北赛区,2.7242,2020/04/12,hw49226307,['hw49226307']
西北赛区,2.7307,2020/04/11,别打了，头都歪了,['mosfet69']
西北赛区,2.7324,2020/04/10,加油！奥利给！,['hw98993333']
西北赛区,2.7434,2020/04/11,Vampire_P,['Vampire_P']
西北赛区,2.7503,2020/04/12,Qwerty1e,['Qwerty1e']
西北赛区,2.7606,2020/04/11,hw98299183,['hw98299183']
西北赛区,2.7701,2020/04/12,hw02559310,['hw02559310']
西北赛区,2.775,2020/04/09,hw86170966,['hw86170966']
西北赛区,2.7755,2020/04/10,LYL525799,['LYL525799']
西北赛区,2.7789,2020/04/13,对不队,['tools080']
西北赛区,2.8029,2020/04/10,Hilvcha,['Hilvcha']
西北赛区,2.8194,2020/04/11,111,['mronne']
西北赛区,2.8355,2020/04/10,wlqcloud,['wlqcloud']
西北赛区,2.9052,2020/04/12,hw88225955,['hw88225955']
西北赛区,2.9369,2020/04/11,云玩家,"['zachary_yin', 'JW0506101', 'hw02210209']"
西北赛区,2.9955,2020/04/10,fang_tang,['fang_tang']
西北赛区,3.0574,2020/04/12,manatsu,['manatsu']
西北赛区,3.2117,2020/04/12,3味debugger,"['Dorothy0719', 'ColorfulWoods', 'hw40234995']"
西北赛区,3.3955,2020/04/11,快快快,"['hw73712600', 'wangchunliang', 'hw50740265']"
西北赛区,3.4962,2020/04/12,hw92696703,['hw92696703']
西北赛区,3.5794,2020/04/12,qiaotongxue,['qiaotongxue']
西北赛区,3.6019,2020/04/11,hw80967104,['hw80967104']
西北赛区,3.7203,2020/04/12,hw58241489,['hw58241489']
西北赛区,3.8823,2020/04/10,senhony,['senhony']
西北赛区,3.9077,2020/04/10,hw75507949,['hw75507949']
西北赛区,4.017,2020/04/12,Smart_East,['Smart_East']
西北赛区,4.1,2020/04/12,zhang_sai_zs,['zhang_sai_zs']
西北赛区,4.1159,2020/04/12,StarFading,['StarFading']
西北赛区,4.147,2020/04/12,7777777,['beidongxing']
西北赛区,4.1878,2020/04/12,没有人比我更懂药水哥,['zhang894112607']
西北赛区,4.1967,2020/04/11,hw66859095,['hw66859095']
西北赛区,4.2345,2020/04/12,yrr123456,['yrr123456']
西北赛区,4.4892,2020/04/10,hw96234002,['hw96234002']
西北赛区,4.664,2020/04/12,A_Z_T_,['A_Z_T_']
西北赛区,4.8995,2020/04/10,hw45405501,['hw45405501']
粤港澳赛区,0.6565,2020/04/13,空白永不败北,['cxq233']
粤港澳赛区,0.6571,2020/04/13,菜市场,['guyinyou']
粤港澳赛区,0.9058,2020/04/13,chuize,['chuize']
粤港澳赛区,2.1519,2020/04/12,上山打老虎,['Wenxin_']
粤港澳赛区,2.216,2020/04/12,hw59925332,['hw59925332']
粤港澳赛区,2.2262,2020/04/11,nia1026,['nia1026']
粤港澳赛区,2.2574,2020/04/12,not_rp,['not_rp']
粤港澳赛区,2.3302,2020/04/11,Chadriy,['Chadriy']
粤港澳赛区,2.3497,2020/04/12,hw32563906,['hw32563906']
粤港澳赛区,2.4921,2020/04/12,黄大佬与严小弟,"['hw56957646', 'hw84806958']"
粤港澳赛区,2.5839,2020/04/12,a little handsome,['hw86303201']
粤港澳赛区,2.5979,2020/04/12,求求你们别调了,['hw36079809']
粤港澳赛区,2.6354,2020/04/12,233666,['hw84598881']
粤港澳赛区,2.714,2020/04/10,啥也不是,['HIT_information']
粤港澳赛区,2.724,2020/04/09,cbleach,['cbleach']
粤港澳赛区,2.8184,2020/04/10,小谷围男子职业技术学院,"['gdut_LV', 'hw10907341']"
粤港澳赛区,2.8845,2020/04/12,景,"['hw65543061', 'hw27018743']"
粤港澳赛区,2.9979,2020/04/11,little-handsome,['Buerzhu']
粤港澳赛区,3.0417,2020/04/09,重启2020,"['NFTS_9527', 'gzwzmhwc', 'coderofchina']"
粤港澳赛区,3.6383,2020/04/11,yanjiaquan,['yanjiaquan']
粤港澳赛区,3.8972,2020/04/12,瑟瑟发抖,['hw38398165']
粤港澳赛区,4.1309,2020/04/11,hw66859095,['hw66859095']
粤港澳赛区,4.3941,2020/04/12,sssssss,['hw62116846']
粤港澳赛区,5.2667,2020/04/13,wr_8040,['wr_8040']
粤港澳赛区,5.2888,2020/04/11,终于有分了,['hw99217064']
粤港澳赛区,5.6387,2020/04/10,除了BF啥也不会,['math_is_too_difficult']
粤港澳赛区,6.184,2020/04/12,yesILoveJoyce,['yesILoveJoyce']
粤港澳赛区,7.0408,2020/04/12,hw02849838,['hw02849838']
粤港澳赛区,7.7518,2020/04/12,iammai,['iammai']
粤港澳赛区,8.446,2020/04/08,大学城南荔枝湾队,"['ddttd', 'westwood', 'iTom_']"
粤港澳赛区,8.9268,2020/04/12,csqi9601,['csqi9601']
粤港澳赛区,9.1358,2020/04/12,hw92664442,['hw92664442']
粤港澳赛区,10.4862,2020/04/13,hw88811113,['hw88811113']
粤港澳赛区,10.5052,2020/04/12,risingstar,['Shacoo']
粤港澳赛区,10.8488,2020/04/11,Risingstar_GUET,['risingstar_zr']
粤港澳赛区,11.0032,2020/04/12,hw54190270,['hw54190270']
粤港澳赛区,12.5594,2020/04/12,胡萝卜保护协会荣誉会员,['tyx123456789']
粤港澳赛区,12.5982,2020/04/12,Zero_eclipse,"['Jennie_Lin', 'hw81393850']"
粤港澳赛区,12.6641,2020/04/11,小谷围一姐,"['Believe33', 'cosimo6359']"
粤港澳赛区,13.0385,2020/04/11,tx_clarklin,['clarklin_']
粤港澳赛区,13.9287,2020/04/12,Gai-Lun,"['xmc1314', 'faker_', 'leozhibin']"
粤港澳赛区,14.073,2020/04/10,Error99,['huanglei3416']
粤港澳赛区,14.9507,2020/04/10,EAGHINee,['EAGHINee']
粤港澳赛区,15.0463,2020/04/09,canranboy,['canranboy']
粤港澳赛区,15.4222,2020/04/13,小做题家,['hw03018238']
粤港澳赛区,18.2197,2020/04/10,ICY2INVINCIBLE,['ICY2INVINCIBLE']
粤港澳赛区,19.8384,2020/04/12,叮当,['Mr_silver']
粤港澳赛区,21.9453,2020/04/09,khun_gs,['khun_gs']
粤港澳赛区,22.596,2020/04/12,hw23542402,['hw23542402']
粤港澳赛区,24.2699,2020/04/09,咕噜咕噜茄,['Roykin']
粤港澳赛区,25.8878,2020/04/09,asda,['hw79954575']
粤港澳赛区,26.0716,2020/04/09,aaa,['hw61384662']
粤港澳赛区,26.5038,2020/04/12,菜鸡队,"['baner04628', 'hw11892635', 'hw56511116']"
粤港澳赛区,66.5604,2020/04/10,ggzz,['hw37590416']
粤港澳赛区,79.7844,2020/04/08,C,"['gu0220', 'czc1241']"
粤港澳赛区,83.258,2020/04/11,sunxiangjun,['sunxiangjun']
粤港澳赛区,142.7623,2020/04/11,Recorder1994,['Recorder1994']
上合赛区,0.2275,2020/04/12,和我签订契约，成为魔法少女吧！,['mlzeng']
上合赛区,0.2474,2020/04/11,暴力出奇迹,"['sunsiyu', 'fstqwq', 'Tommyr7']"
上合赛区,0.2546,2020/04/13,small account,['hw08034176']
上合赛区,0.5095,2020/04/12,自然选择，前进四！,['Ruby_Ocelot']
上合赛区,0.811,2020/04/13,奇迹和魔法，都是存在的！,"['ldeng1997', 'betterxys', 'hejiyan']"
上合赛区,0.8378,2020/04/12,黑的北极熊,"['hw04511325', 'hw58689432', 'n0stalg1c']"
上合赛区,0.9208,2020/04/12,烧烤摊T1,['ronnywang']
上合赛区,1.2534,2020/04/09,memleak,"['Amagi_Yukisaki', 'crazy_cloud', 'hw26193180']"
上合赛区,1.3903,2020/04/13,只有魔法才能打败魔法,"['logicsama', 'hw65668397']"
上合赛区,1.4615,2020/04/12,xiaolegao,['xiaolegao']
上合赛区,1.467,2020/04/11,曾阿牛,['geroci']
上合赛区,1.4738,2020/04/12,bug1,['hw54863553']
上合赛区,1.5124,2020/04/11,hw99518242,['hw99518242']
上合赛区,1.5213,2020/04/11,Renatus,['Renatus']
上合赛区,2.2785,2020/04/10,平差不相信眼泪,"['hw97519483', 'hw18191312']"
上合赛区,1.6315,2020/04/11,巴啦啦黑魔仙,['hw19113864']
上合赛区,1.6364,2020/04/12,垂死病中惊坐起，笑问客从何处来,['hw65404743']
上合赛区,1.6489,2020/04/12,魔法少女,['hw08409687']
上合赛区,1.7192,2020/04/12,random_circle,"['feynman1999', 'Sorry_feynman1999', 'hw08012634']"
上合赛区,1.7537,2020/04/11,古娜拉黑暗之神,['hw03080359']
上合赛区,1.7671,2020/04/12,IooooooI,['IooooooI']
上合赛区,1.8696,2020/04/12,MDS110,['MDS110']
上合赛区,1.8991,2020/04/12,hbfczp,['hbfczp']
上合赛区,1.9031,2020/04/11,BUG,['hw04618892']
上合赛区,1.9169,2020/04/13,hw76138140,['hw76138140']
上合赛区,1.9177,2020/04/12,b1,['RubyHong']
上合赛区,1.9574,2020/04/12,早晨从中午开始,['w86065256']
上合赛区,1.9893,2020/04/11,kdelab18,['hongxin8']
上合赛区,1.996,2020/04/11,ywqqqwy,['ywqqqwy']
上合赛区,2.0386,2020/04/10,hw39383290,['hw39383290']
上合赛区,2.1845,2020/04/12,hw61643045,['hw61643045']
上合赛区,2.1889,2020/04/13,我不会C++,['q458744230']
上合赛区,2.2031,2020/04/12,zy87896052,['zy87896052']
上合赛区,2.2052,2020/04/11,头被楼上大佬打断了,['lcc12345']
上合赛区,2.2785,2020/04/10,TJUBBD,['TJUBBD']
上合赛区,2.2833,2020/04/12,hzatt0429,['hzatt0429']
上合赛区,2.3131,2020/04/11,nia1026,['nia1026']
上合赛区,2.326,2020/04/10,kde_wy,['kde_wy']
上合赛区,2.3533,2020/04/11,coder_Lee23,['coder_Lee23']
上合赛区,2.3545,2020/04/12,阴天傍晚车窗外,['hw96074512']
上合赛区,2.3586,2020/04/10,1V3,['wjinyan']
上合赛区,2.3706,2020/04/11,头发渐稀终不悔,['zehai_yu']
上合赛区,2.3742,2020/04/10,hw11212679,['hw11212679']
上合赛区,2.4856,2020/04/12,backkon,['backkon']
上合赛区,2.5426,2020/04/13,602金龙,['colden']
上合赛区,2.6084,2020/04/11,ThreeStupidCats,"['Chillstep', 'MingyGod', 'daxdgin']"
上合赛区,2.6136,2020/04/11,hw05265794,['hw05265794']
上合赛区,2.63,2020/04/12,对不队,['hw75933581']
上合赛区,2.6327,2020/04/12,hw74125675,['hw74125675']
上合赛区,2.6696,2020/04/11,uniuvel,['uniuvel']
上合赛区,2.6825,2020/04/12,奈奈奈,['Kiana__']
上合赛区,2.6845,2020/04/12,hw24589003,['hw24589003']
上合赛区,2.7124,2020/04/10,hw92551059,['hw92551059']
上合赛区,2.7238,2020/04/09,hw57515763,['hw57515763']
上合赛区,2.7411,2020/04/09,BeckyPau,['BeckyPau']
上合赛区,2.7431,2020/04/08,fan,['hw37697970']
上合赛区,2.7466,2020/04/09,HitMAN_Reborn,['HitMAN_Reborn']
上合赛区,2.7479,2020/04/12,对不队2.0,['hw30700412']
上合赛区,2.7495,2020/04/11,dididi,['hw09561702']
上合赛区,2.7525,2020/04/10,Arch-Villain_Rafaam,['Arch-Villain_Rafaam']
上合赛区,2.7592,2020/04/09,melody111,['melody111']
上合赛区,2.762,2020/04/09,hw11207117,['hw11207117']
上合赛区,2.7626,2020/04/10,OnePiece,['candyflow']
上合赛区,2.7638,2020/04/09,kexuefu,['kexuefu']
海外赛区,2.2465,2020/04/12,nia1026,['nia1026']
海外赛区,2.7429,2020/04/08,中年人的快乐,['hw87844592']
海外赛区,6.3412,2020/04/12,dwtenis,['dwtenis']
海外赛区,6.6249,2020/04/11,树上的鸟儿成双队,"['yangyou95', 'hw45133806', 'jiawei_zhao']"
海外赛区,7.8729,2020/04/12,-1s,['hw33251836']
海外赛区,291.6643,2020/04/12,hw02849838,['hw02849838']
江山赛区,0.4004,2020/04/12,杰尼龟,['bitmap']
江山赛区,0.4007,2020/04/12,魔法少女球球泥把我签了吧！！,['maxPG']
江山赛区,0.5865,2020/04/12,淡黄长裙,['hw22465358']
江山赛区,0.65,2020/04/11,蓬松头发,['hw19353640']
江山赛区,0.665,2020/04/12,正在加载...,['chinesename']
江山赛区,0.6964,2020/04/12,程序好慢,['KarlFreecss']
江山赛区,0.7307,2020/04/12,电饭煲火锅战队,['yangwuuu']
江山赛区,0.7349,2020/04/11,吉尼龟,['xionglan22']
江山赛区,0.7512,2020/04/11,yzcyh94tc,['yzcyh94tc']
江山赛区,0.7782,2020/04/12,hw34480857,['hw34480857']
江山赛区,0.8414,2020/04/12,三分香七分爽,"['hw50765329', 'hw28633557', 'hw32854693']"
江山赛区,1.2611,2020/04/12,hw00771387,['hw00771387']
江山赛区,1.2954,2020/04/12,hw55210391,['hw55210391']
江山赛区,1.4155,2020/04/13,所有的星星眼~都在等着一颗星！,['hw35722498']
江山赛区,1.4709,2020/04/12,hw77333090,['hw77333090']
江山赛区,1.4911,2020/04/13,凡凡别打小宇了,['hw56683763']
江山赛区,1.5043,2020/04/12,汪汪没想到,"['hw66991978', 'hw03309211']"
江山赛区,1.8213,2020/04/13,剑指的方向~就是天才的故乡！,['hw34746805']
江山赛区,1.8544,2020/04/13,平平无奇的main.cpp,['Gyy0406']
江山赛区,1.9736,2020/04/12,酸菜鱼,"['hw03105097', 'hw15574686', 'hw33999253']"
江山赛区,2.1376,2020/04/12,Nanoda,['Nanoda']
江山赛区,2.1806,2020/04/12,nia1026,['nia1026']
江山赛区,2.2102,2020/04/12,额上有疤的男人~个个都是传奇！,['b2997215859']
江山赛区,2.2656,2020/04/11,菜鸟联盟,"['baozouxiaoyao', 'hw13091016', 'C_Bitter']"
江山赛区,2.2765,2020/04/12,做好挨打的准备,"['YuchaoS_', 'cfireworks', 'chenglizb']"
江山赛区,2.2779,2020/04/13,憨憨敬礼,['hw23514915']
江山赛区,2.3957,2020/04/11,bohaixileiyin,['bohaixileiyin']
江山赛区,2.3992,2020/04/12,hw74413797,['hw74413797']
江山赛区,2.4087,2020/04/13,hw39338604,['hw39338604']
江山赛区,2.4245,2020/04/12,JYP1996,['JYP1996']
江山赛区,2.4301,2020/04/12,高英俊,['gaodechen']
江山赛区,2.4694,2020/04/12,hw44379602,['hw44379602']
江山赛区,2.6294,2020/04/11,mengzhongyi,['mengzhongyi']
江山赛区,2.6537,2020/04/11,xxx,"['sxsunxun', 'Murphy0130']"
江山赛区,2.7014,2020/04/12,hw58026923,['hw58026923']
江山赛区,2.7115,2020/04/10,永远滴神,['ruidada']
江山赛区,2.7174,2020/04/10,www,['NO_BUG_PLS']
江山赛区,2.7327,2020/04/10,hhq,"['hw46618780', 'hw95290335', 'hw85158086']"
江山赛区,2.7452,2020/04/12,1024,['hw69917130']
江山赛区,2.7556,2020/04/10,奔跑的菜鸟,"['hw28581777', 'hw91945744', 'XXMF2hl']"
江山赛区,2.7616,2020/04/08,专吃王八杰尼龟,['hh2094']
江山赛区,2.7671,2020/04/08,hw01172954,['hw01172954']
江山赛区,2.7768,2020/04/12,波涛汹涌,"['yzlzjfc', 'hw90998086', 'HoggerOvO']"
江山赛区,2.8533,2020/04/12,就当是一场梦,"['rookielxy', 'Muse0327']"
江山赛区,2.8727,2020/04/12,MirageLyu,['MirageLyu']
江山赛区,2.9706,2020/04/12,407,['ssnower']
江山赛区,3.0115,2020/04/11,9223372036854775807,['ni_gay_lu_da_yo']
江山赛区,3.1508,2020/04/09,祖传铁匠铺,"['hw61240382', 'hw80475170', 'hw66151603']"
江山赛区,3.1922,2020/04/11,Chadriy,['Chadriy']
江山赛区,3.4025,2020/04/12,hw96897549,['hw96897549']
江山赛区,3.4954,2020/04/10,ykdddhhh,['ykdddhhh']
江山赛区,3.6248,2020/04/12,hw60259697,['hw60259697']
江山赛区,3.7682,2020/04/11,江湖险恶,"['DEATHLAI', 'john-junjun', 'WalkInThePast']"
江山赛区,3.8624,2020/04/12,haoduodalao,['dayu2020']
江山赛区,4.0665,2020/04/12,hw51147637,['hw51147637']
江山赛区,4.0993,2020/04/11,hw66859095,['hw66859095']
江山赛区,4.1564,2020/04/12,hahahdsad,['karstagger']
江山赛区,4.7242,2020/04/11,老周很强,['hw19498294']
江山赛区,4.7435,2020/04/11,CCWUCMCTS,['CCWUCMCTS']
江山赛区,4.7796,2020/04/12,你叉叉,['sssChenHD']
江山赛区,4.8234,2020/04/10,前面的都是dfs吗,"['hw79751889', 'yulin-liu', 'yunqihuang']"
江山赛区,5.2597,2020/04/11,Human Learning,"['hw82678275', 'jiangjiangzuijiang']"
江山赛区,5.3058,2020/04/10,今晚打老虎,"['GaoQi666', 'qutianyuai', 'Eason6688']"
江山赛区,5.3292,2020/04/12,hw73747696,['hw73747696']
杭厦赛区,0.332,2020/04/13,鸽鸽鸽,"['reku1997', 'hw89504302']"
杭厦赛区,0.3763,2020/04/13,gtmreku,['heyshb']
杭厦赛区,0.5881,2020/04/12,IDEA,"['wpf990213', 'wzc3162', 'w24khandsome']"
杭厦赛区,0.6425,2020/04/12,#507,"['xavier_cai', 'darkflamehxy', 'SleepZzz']"
杭厦赛区,0.7791,2020/04/13,蛋黄的长裙唐僧的头发,"['jinmingyi', 'hw14749917']"
杭厦赛区,0.7893,2020/04/11,CZ-5,"['nbgao', 'iceice1996', 'hw30324143']"
杭厦赛区,0.9511,2020/04/12,mmAp,['Zzzzz2z']
杭厦赛区,1.0348,2020/04/13,求小姐姐带我,['hw_sdlzx']
杭厦赛区,1.091,2020/04/12,zjy1996,['zjy1996']
杭厦赛区,1.1074,2020/04/12,abc_dy,['abc_dy']
杭厦赛区,1.1149,2020/04/11,hw51590570,['hw51590570']
杭厦赛区,1.1947,2020/04/11,hw89591875,['hw89591875']
杭厦赛区,1.2984,2020/04/09,hw44205069,['hw44205069']
杭厦赛区,1.3161,2020/04/12,Amazons,['mugaoyuan']
杭厦赛区,1.3701,2020/04/12,小白兔奶糖,['Martin20150405']
杭厦赛区,1.3888,2020/04/12,fx-ren,['fx-ren']
杭厦赛区,1.5081,2020/04/11,hw23678343,['hw23678343']
杭厦赛区,1.5305,2020/04/12,lccurious,['lccurious']
杭厦赛区,1.7,2020/04/12,VarZzzz,['VarZzzz']
杭厦赛区,1.7293,2020/04/12,hw03385384,['hw03385384']
杭厦赛区,1.7477,2020/04/12,想当守门员,['hw76466148']
杭厦赛区,1.7649,2020/04/11,我想静静,['ydar95']
杭厦赛区,1.7747,2020/04/11,laoban_qiudai,['laoban_qiudai']
杭厦赛区,1.7764,2020/04/12,没有了，没有奇迹了,['hw07400519']
杭厦赛区,1.7823,2020/04/10,hw40598751,['hw40598751']
杭厦赛区,1.7839,2020/04/11,hw20160113,['hw20160113']
杭厦赛区,1.8286,2020/04/11,hw73608801,['hw73608801']
杭厦赛区,1.8489,2020/04/12,niuaer,['niuaer']
杭厦赛区,1.8836,2020/04/10,没有团队就不用填团队名了吧,['hw96234002']
杭厦赛区,1.9007,2020/04/10,团队名称,['SidneySun']
杭厦赛区,1.9331,2020/04/11,palindrome,"['hw38492405', 'hw95325546', 'hw94802217']"
杭厦赛区,1.9594,2020/04/10,快乐风男与石头人,"['boluofish', 'wen2022', 'hw17862493']"
杭厦赛区,1.9698,2020/04/11,Oliver0047,['Oliver0047']
杭厦赛区,1.9706,2020/04/10,hdu123456789,['hdu123456789']
杭厦赛区,1.9806,2020/04/12,VicVan,['VicVan']
杭厦赛区,2.0856,2020/04/12,wyj0601,['wyj0601']
杭厦赛区,2.108,2020/04/13,DoubleNoob,"['illusivemanlyz', 'Newbie_', 'hw24430548']"
杭厦赛区,2.2125,2020/04/10,hw68063770,['hw68063770']
杭厦赛区,2.2492,2020/04/12,hw93604195,['hw93604195']
杭厦赛区,2.2783,2020/04/12,hw57308748,['hw57308748']
杭厦赛区,2.2848,2020/04/12,nia1026,['nia1026']
杭厦赛区,2.3288,2020/04/12,Chadriy,['Chadriy']
杭厦赛区,2.42,2020/04/10,试一下水,['hw06757250']
杭厦赛区,2.4378,2020/04/11,HDU精神小伙,['hw49566411']
杭厦赛区,2.557,2020/04/12,Xiangleilei_,['Xiangleilei_']
杭厦赛区,2.5631,2020/04/12,hw45648249,['hw45648249']
杭厦赛区,2.5664,2020/04/12,zshwyj,['zshwyj']
杭厦赛区,2.5995,2020/04/12,舔包我最行97,['essay']
杭厦赛区,3.3715,2020/04/11,反洗钱团伙,['YoungDk']
杭厦赛区,2.6991,2020/04/12,gregoryfh,['gregoryfh']
杭厦赛区,2.7042,2020/04/11,太难了,['hw46699948']
杭厦赛区,2.7225,2020/04/08,hw49779647,['hw49779647']
杭厦赛区,2.7305,2020/04/12,金陵雪暖,['babychen']
杭厦赛区,2.7317,2020/04/12,FunpLuS,['kmaeii']
杭厦赛区,2.7476,2020/04/09,aaa,['hw12158889']
杭厦赛区,2.7529,2020/04/10,hw03568452,['hw03568452']
杭厦赛区,2.7607,2020/04/11,kkk,['hw74961502']
杭厦赛区,2.7618,2020/04/10,test,['hw78218248']
杭厦赛区,2.7723,2020/04/10,asdfghjkl,['adapdsb']
杭厦赛区,2.7867,2020/04/10,gugugu,['hw88457868']
杭厦赛区,2.804,2020/04/08,hw45679089,"['iu4u4u', 'HaijieHu', 'programmers_supporter']"
杭厦赛区,2.8301,2020/04/10,hw68701376,['hw68701376']
杭厦赛区,2.8485,2020/04/11,Allen-hong,['Allen-hong']
杭厦赛区,2.8491,2020/04/11,自由之翼,['liznsalt']
武长赛区,0.7163,2020/04/13,Hewitt__,['Hewitt__']
武长赛区,1.1269,2020/04/12,muzishaobing,['muzishaobing']
武长赛区,1.1626,2020/04/12,打个酱油~,['hw66940315']
武长赛区,1.5435,2020/04/10,wdyggg,['hw11796938']
武长赛区,1.6494,2020/04/12,hw14571351,['hw14571351']
武长赛区,1.7042,2020/04/10,hw92854224,['hw92854224']
武长赛区,1.924,2020/04/11,zhaxzhax,"['zhaxzhax', 'yinxiaodan96']"
武长赛区,2.0545,2020/04/12,Chadriy,['Chadriy']
武长赛区,2.1497,2020/04/12,daimaohui,['daimaohui']
武长赛区,2.3956,2020/04/11,233333,['nia1026']
武长赛区,2.5026,2020/04/11,90度茶,['huangyj2020']
武长赛区,2.5636,2020/04/10,jackspring,['jackspring']
武长赛区,2.5706,2020/04/11,F**K_COVID19,"['Scottar', 'JaY_LYH', 'hw52729650']"
武长赛区,2.643,2020/04/10,442,['hw63594550']
武长赛区,2.7367,2020/04/11,五五开没有开挂,['NoRunGoFat']
武长赛区,2.7414,2020/04/09,且随疾风前行,"['creator7', 'jimocaixuexi']"
武长赛区,2.7472,2020/04/11,Novice,['Novice_wu']
武长赛区,2.7501,2020/04/11,hw77840083,['hw77840083']
武长赛区,2.7556,2020/04/09,TryEverything,['TryEverything']
武长赛区,2.7634,2020/04/12,xbb0720,['xbb0720']
武长赛区,2.8588,2020/04/12,如果要比常数真的大你好几倍,['backl2ght']
武长赛区,2.8651,2020/04/12,ITryagain,['ITryagain']
武长赛区,2.8908,2020/04/10,HUAWEI P40,['hw95591896']
武长赛区,2.9213,2020/04/10,法国南部,['Backl1ght']
武长赛区,3.0167,2020/04/12,cranky_xq,['cranky_xq']
武长赛区,3.0426,2020/04/12,WaminLee,['WaminLee']
武长赛区,3.2376,2020/04/12,huhusw,['huhusw']
武长赛区,3.2685,2020/04/08,总是要取名就很难受,['Mr_sixven']
武长赛区,3.7156,2020/04/11,hw00636709,['hw00636709']
武长赛区,3.8452,2020/04/12,逐鹿中原,"['husthuangkai', 'earthwjl', 'hw40522456']"
武长赛区,3.8814,2020/04/12,玩胖次,"['zz2008qw', 'zcBelieve', 'lorence']"
武长赛区,3.8867,2020/04/12,花生米,"['hw52602753', 'Bota5ky', 'chenyj99']"
武长赛区,4.0889,2020/04/10,hw08463549,['hw08463549']
武长赛区,4.1392,2020/04/13,hw59633375,['hw59633375']
武长赛区,4.233,2020/04/11,hw66859095,['hw66859095']
武长赛区,4.3991,2020/04/11,hw42260600,['hw42260600']
武长赛区,4.4979,2020/04/12,ssss,['hw62116846']
武长赛区,4.5649,2020/04/12,星辰,['hw72363896']
武长赛区,4.6409,2020/04/12,fighters,"['hw00548129', 'hw63722084']"
武长赛区,4.688,2020/04/12,caoshang311,['caoshang311']
武长赛区,4.7512,2020/04/12,捣乱的,['Janchylz']
武长赛区,4.7714,2020/04/12,聪聪忙忙,['hw29198386']
武长赛区,4.8343,2020/04/12,hw78446253,['hw78446253']
武长赛区,4.9542,2020/04/12,温柔一刀,['dudududududu']
武长赛区,5.0248,2020/04/11,hw48023222,['hw48023222']
武长赛区,5.2722,2020/04/12,jodan_luo,['jodan_luo']
武长赛区,5.3851,2020/04/12,零陵上将邢道荣,"['hnu_zsdd', 'hw10741276', 'hw31629313']"
武长赛区,5.5311,2020/04/10,给大佬们献上一杯卡布奇诺,"['hw12360919', 'hw62934984']"
武长赛区,5.586,2020/04/12,hw07196854,['hw07196854']
武长赛区,5.6959,2020/04/12,武理取闹两憨批,"['ddmm_whut', 'zhanyang666', 'hw64809223']"
武长赛区,6.0632,2020/04/12,hnzsdd,['hnzsdd']
武长赛区,6.4547,2020/04/12,dwtenis,['dwtenis']
武长赛区,6.6065,2020/04/10,关山口小分队,"['arceot', 'hw22448040', 'hw97746814']"
武长赛区,6.711,2020/04/12,银河的火箭队,"['hw77081732', 'hw18390835', 'Ncc-yixi']"
武长赛区,6.971,2020/04/11,天天向上,"['hw06688329', 'hw05335767', 'hw02530443']"
武长赛区,7.0275,2020/04/12,您吃了吗,['Hello___world']
武长赛区,7.7685,2020/04/11,hw67353196,['hw67353196']
武长赛区,7.871,2020/04/12,useless,['hw15921299']
武长赛区,7.9575,2020/04/12,hw77737813,['hw77737813']
武长赛区,9.395,2020/04/10,曹贼休走,"['Polaris_Hsu', 'hw35799334']"
武长赛区,9.492,2020/04/11,zhenxiang,['hw35161382']
武长赛区,9.509,2020/04/12,hw18390437,['hw18390437']
武长赛区,9.564,2020/04/11,hw19262386,['hw19262386']
武长赛区,9.6323,2020/04/10,cabbage,"['yl_hhh', 'hw10645992', 'hw58027983']"
